;Namn;Beskrivning;Min;Max;Enhet;Sökväg 800xA;Sökväg till Värde
;A001202LI200;PNM201  Pumgravnivåmätare;0;2;mVp; Applications.KF04_Bio_App.Programs.Biobassängblock_UC4.A001202LI200; Applications.KF04_Bio_App.Programs.Biobassängblock_UC4.A001202LI200.In.Value
;A001202LI210;KNM201  Kanalnivåmätare;0;1;mVp; Applications.KF04_Bio_App.Programs.Biobassängblock_UC4.A001202LI210; Applications.KF04_Bio_App.Programs.Biobassängblock_UC4.A001202LI210.In.Value
x;A001608FI602;RFM602  Rejektflödesmätare;0;50;m3/h; Applications.KF04_Bio_App.Programs.Biobassängblock_UC4.A001608FI602; Applications.KF04_Bio_App.Programs.Biobassängblock_UC4.A001608FI602.In.Value
;A001608FI601;RFM601  Rejektflödesmätare;0;50;m3/h; Applications.KF04_Bio_App.Programs.Biobassängblock_UC4.A001608FI601; Applications.KF04_Bio_App.Programs.Biobassängblock_UC4.A001608FI601.In.Value
;A001102TI601;JST601  Järnsulfattemperatur;0;100;C; Applications.KF04_Bio_App.Programs.Biobassängblock_UC4.A001102TI601; Applications.KF04_Bio_App.Programs.Biobassängblock_UC4.A001102TI601.In.Value
;A001102LI602;JNM602  Järnsulfatnivåmätare;0;5;mVp; Applications.KF04_Bio_App.Programs.Biobassängblock_UC4.A001102LI602; Applications.KF04_Bio_App.Programs.Biobassängblock_UC4.A001102LI602.In.Value
;A001202FI102;MBM102  BRÄDDNING NYA FÖRSED;0;3600;m3/h; Applications.KF04_Bio_App.Programs.Biobassängblock_UC4.A001202FI102; Applications.KF04_Bio_App.Programs.Biobassängblock_UC4.A001202FI102.In.Value
;A001201QI201;GKM201  Gaskoncentrationsmätare;0;100;%; Applications.KF04_Bio_App.Programs.Biobassängblock_UC4.A001201QI201; Applications.KF04_Bio_App.Programs.Biobassängblock_UC4.A001201QI201.In.Value
;A001202SI201;AVP-201 vibration;0;100;0; Applications.KF04_BioP_App.Programs.Biopumpar.A001202SI201_FB; Applications.KF04_BioP_App.Programs.Biopumpar.A001202SI201_FB.In.Value
x;A001612FI001;SFM620 Slamflödesmätare;0;100;0; Applications.KF7_MSF.Programs.Slamberedare.A001612FI001; Applications.KF7_MSF.Programs.Slamberedare.A001612FI001.In.Value
;A001612LI001;SNM620 Nivågivare utjämningsmagasin;0;5;mvp; Applications.KF7_MSF.Programs.Slamberedare.A001612LI001; Applications.KF7_MSF.Programs.Slamberedare.A001612LI001.In.Value
;A001612LI002;SNM621 Nivågivare utjämningsmagasin;0;5;mvp; Applications.KF7_MSF.Programs.Slamberedare.A001612LI002; Applications.KF7_MSF.Programs.Slamberedare.A001612LI002.In.Value
;A001612LI003;SNM622 Nivågivare utjämningsmagasin;0;1;mvp; Applications.KF7_MSF.Programs.Slamberedare.A001612LI003; Applications.KF7_MSF.Programs.Slamberedare.A001612LI003.In.Value
x;A001612QI002;SHM620 Slamhaltsmätare;0;10;%; Applications.KF7_MSF.Programs.Slamberedare.A001612QI002; Applications.KF7_MSF.Programs.Slamberedare.A001612QI002.In.Value
;A001612PI001;STM620 Tryckmätare;0;25;bar; Applications.KF7_MSF.Programs.Slamberedare.A001612PI001; Applications.KF7_MSF.Programs.Slamberedare.A001612PI001.In.Value
;A001603PI603;STM621 Tryckmätare;0;10;bar; Applications.KF7_MSF.Programs.Slamberedare.A001603PI603; Applications.KF7_MSF.Programs.Slamberedare.A001603PI603.In.Value
;A001003PI001;VTM620 Tryckmätare brutet spolvatten;0;25;bar; Applications.KF7_MSF.Programs.Slamberedare.A001003PI001; Applications.KF7_MSF.Programs.Slamberedare.A001003PI001.In.Value
x;A001612FI002;SFM621 efter mekanisk förtjockare;0;20;m³/h; Applications.KF7_MSF.Programs.Slamberedare.A001612FI002; Applications.KF7_MSF.Programs.Slamberedare.A001612FI002.In.Value
;A001003FI001;VFM620 brutet spolvatten;0;5;m³/h; Applications.KF7_MSF.Programs.Slamberedare.A001003FI001; Applications.KF7_MSF.Programs.Slamberedare.A001003FI001.In.Value
x;A001611FI001;PFM620 flödesmätare polymer;0;5;m³/h; Applications.KF7_MSF.Programs.Slamberedare.A001611FI001; Applications.KF7_MSF.Programs.Slamberedare.A001611FI001.In.Value
;A001603FI603;SFM622 flöde circulation rötslam;0;200;m³/h; Applications.KF7_MSF.Programs.Slamberedare.A001603FI603; Applications.KF7_MSF.Programs.Slamberedare.A001603FI603.In.Value
;A001611LI001;LNM620 Nivå Polymerberedare;0,039999999;2,5;m; Applications.KF7_MSF.Programs.Slamberedare.A001611LI001; Applications.KF7_MSF.Programs.Slamberedare.A001611LI001.In.Value
;A001605LI601;Nivåmätning AG601;0;2,400000095;m; Applications.KF08App.Programs.PB601.A001605LI601; Applications.KF08App.Programs.PB601.A001605LI601.In.Value
;A001605PI601;Tryck inkom. beredningsvatten;0;10;bar; Applications.KF08App.Programs.PB601.A001605PI601; Applications.KF08App.Programs.PB601.A001605PI601.In.Value
;A001605TI601;Temp inkom. beredningsvatten;0;50;°C; Applications.KF08App.Programs.PB601.A001605TI601; Applications.KF08App.Programs.PB601.A001605TI601.In.Value
;A001605LI602;Nivåmätning AG602;0;2,400000095;m; Applications.KF08App.Programs.PB602.A001605LI602; Applications.KF08App.Programs.PB602.A001605LI602.In.Value
;A001605PI602;Tryck inkom. beredningsvatten;0;10;bar; Applications.KF08App.Programs.PB602.A001605PI602; Applications.KF08App.Programs.PB602.A001605PI602.In.Value
;A001605TI602;Temp inkom. beredningsvatten;0;50;°C; Applications.KF08App.Programs.PB602.A101605TI602; Applications.KF08App.Programs.PB602.A101605TI602.In.Value
;A001601LI603;Nivåmätning AG603;0;2,400000095;m; Applications.KF08App.Programs.PB603.A001601LI603; Applications.KF08App.Programs.PB603.A001601LI603.In.Value
;A001601PI603;Tryck inkom. beredningsvatten;0;10;bar; Applications.KF08App.Programs.PB603.A001601PI603; Applications.KF08App.Programs.PB603.A001601PI603.In.Value
;A001601TI603;Temp inkom. beredningsvatten;0;50;°C; Applications.KF08App.Programs.PB603.A001601TI603; Applications.KF08App.Programs.PB603.A001601TI603.In.Value
;A001204LI604;Nivåmätning AG604;0;2,400000095;m; Applications.KF08App.Programs.PB604.A001204LI604; Applications.KF08App.Programs.PB604.A001204LI604.In.Value
;A001204PI604;Tryck inkom. beredningsvatten;0;10;bar; Applications.KF08App.Programs.PB604.A001204PI604; Applications.KF08App.Programs.PB604.A001204PI604.In.Value
;A001204TI604;Temp inkom. beredningsvatten;0;50;°C; Applications.KF08App.Programs.PB604.A001204TI604; Applications.KF08App.Programs.PB604.A001204TI604.In.Value
x;A001203QI200;AMM200  AMMONIUMMÄTARE;0;40;mg/l; Applications.KF14_Bio_Prov.Programs.Provventiler.A001203QI200; Applications.KF14_Bio_Prov.Programs.Provventiler.A001203QI200.In.Value
x;A001203QI201;NIM201  NITRATMÄTARE;0;40;mg/l; Applications.KF14_Bio_Prov.Programs.Provventiler.A001203QI201; Applications.KF14_Bio_Prov.Programs.Provventiler.A001203QI201.In.Value
x;A001208FI222;SFM222  SLAMFLÖDSESMÄTARE;0;60;m³/h; Applications.KF14_BioA_App.Programs.Allmänt.A001208FI222; Applications.KF14_BioA_App.Programs.Allmänt.A001208FI222.In.Value
;A001203LI221;KNM221  KANALNIVÅMÄTARE 0_1 mVP;0;1;m; Applications.KF14_BioA_App.Programs.Allmänt.A001203LI221; Applications.KF14_BioA_App.Programs.Allmänt.A001203LI221.In.Value
x;A001203FI221;KFM221  KANALFLÖDESMÄTARE 0-1000 m³/h;0;1000;m3/h; Applications.KF14_BioA_App.Programs.Allmänt.A001203FI221; Applications.KF14_BioA_App.Programs.Allmänt.A001203FI221.In.Value
;A001203HL221;ILL221 Inloppslucka läge;0;100;%; Applications.KF14_BioA_App.Programs.Allmänt.A001203HL221; Applications.KF14_BioA_App.Programs.Allmänt.A001203HL221.In.Value
;A001203QI221;SYM221  SYREMÄTARE 0.1_15 mg/l;0;10;mg/l; Applications.KF14_BioA_App.Programs.Allmänt.A001203QI221; Applications.KF14_BioA_App.Programs.Allmänt.A001203QI221.In.Value
;A001203QI222;SYM222  SYREMÄTARE 0.1_15 mg/l;0;10;mg/l; Applications.KF14_BioA_App.Programs.Allmänt.A001203QI222; Applications.KF14_BioA_App.Programs.Allmänt.A001203QI222.In.Value
;A001203QI223;SYM223  SYREMÄTARE 0.1_15 mg/l;0;10;mg/l; Applications.KF14_BioA_App.Programs.Allmänt.A001203QI223; Applications.KF14_BioA_App.Programs.Allmänt.A001203QI223.In.Value
;A001209FI202;LFM202  LUFTFLÖDESMÄTARE  0_6250 m3/h;0;6000;m³/h; Applications.KF14_BioA_App.Programs.Allmänt.A001209FI202; Applications.KF14_BioA_App.Programs.Allmänt.A001209FI202.In.Value
;A001209FI221;LFM221  LUFTFLÖDESMÄTARE  0_950 m3/h;0;1000;m³/h; Applications.KF14_BioA_App.Programs.Allmänt.A001209FI221; Applications.KF14_BioA_App.Programs.Allmänt.A001209FI221.In.Value
;A001209FI222;LFM222  LUFTFLÖDESMÄTARE  0_1850 m3/h;0;2000;m³/h; Applications.KF14_BioA_App.Programs.Allmänt.A001209FI222; Applications.KF14_BioA_App.Programs.Allmänt.A001209FI222.In.Value
;A001209FI223;LFM223  LUFTFLÖDESMÄTARE  0_1850 m3/h;0;2000;m³/h; Applications.KF14_BioA_App.Programs.Allmänt.A001209FI223; Applications.KF14_BioA_App.Programs.Allmänt.A001209FI223.In.Value
x;A001203QI224;AMM-220 Ammoniummätare;0;30;mg/l; Applications.KF14_BioA_App.Programs.Allmänt.A001203QI224; Applications.KF14_BioA_App.Programs.Allmänt.A001203QI224.In.Value
x;A001203QI220;NIM-220 Nitratmätare;0;30;mg/l; Applications.KF14_BioA_App.Programs.Allmänt.A001203QI220; Applications.KF14_BioA_App.Programs.Allmänt.A001203QI220.In.Value
x;A001203QI225;SUM221  SUSP.MÄTARE 0_5 g/l;0;5;g/l; Applications.KF14_BioA_App.Programs.Allmänt.A001203QI225; Applications.KF14_BioA_App.Programs.Allmänt.A001203QI225.In.Value
x;A001207QI202;SUM202  SUSP.MÄTARE 0_5 g/l;0;10;g/l; Applications.KF14_BioA_App.Programs.Allmänt.A001207QI202; Applications.KF14_BioA_App.Programs.Allmänt.A001207QI202.In.Value
x;A001203FI241;KFM241  KANALFLÖDESMÄTARE 0-1000 m³/h;0;1000;m3/h; Applications.KF14_BioA_App.Programs.Allmänt.A001203FI241; Applications.KF14_BioA_App.Programs.Allmänt.A001203FI241.In.Value
;A001203LI241;KNM241  KANALNIVÅMÄTARE 0_1 mVP;0;1;m; Applications.KF14_BioA_App.Programs.Allmänt.A001203LI241; Applications.KF14_BioA_App.Programs.Allmänt.A001203LI241.In.Value
;A001203QI241;SYM241  SYREMÄTARE 0.1_15 mg/l;0;10;mg/l; Applications.KF14_BioA_App.Programs.Allmänt.A001203QI241; Applications.KF14_BioA_App.Programs.Allmänt.A001203QI241.In.Value
;A001203QI242;SYM242  SYREMÄTARE 0.1_15 mg/l;0;10;mg/l; Applications.KF14_BioA_App.Programs.Allmänt.A001203QI242; Applications.KF14_BioA_App.Programs.Allmänt.A001203QI242.In.Value
;A001203QI243;SYM243  SYREMÄTARE 0.1_15 mg/l;0;10;mg/l; Applications.KF14_BioA_App.Programs.Allmänt.A001203QI243; Applications.KF14_BioA_App.Programs.Allmänt.A001203QI243.In.Value
x;A001203QI244;NIM242.1  NITRATMÄTARE;0;100;0; Applications.KF14_BioA_App.Programs.Allmänt.A001203QI244; Applications.KF14_BioA_App.Programs.Allmänt.A001203QI244.In.Value
;A001209FI204;LFM204  LUFTFLÖDESMÄTARE  0_6250 m3/h;0;6000;m³/h; Applications.KF14_BioA_App.Programs.Allmänt.A001209FI204; Applications.KF14_BioA_App.Programs.Allmänt.A001209FI204.In.Value
;A001209FI241;LFM241  LUFTFLÖDESMÄTARE  0_950 m3/h;0;1000;m³/h; Applications.KF14_BioA_App.Programs.Allmänt.A001209FI241; Applications.KF14_BioA_App.Programs.Allmänt.A001209FI241.In.Value
;A001209FI242;LFM242  LUFTFLÖDESMÄTARE  0_1850 m3/h;0;2000;m³/h; Applications.KF14_BioA_App.Programs.Allmänt.A001209FI242; Applications.KF14_BioA_App.Programs.Allmänt.A001209FI242.In.Value
;A001209FI243;LFM243  LUFTFLÖDESMÄTARE  0_1850 m3/h;0;2000;m³/h; Applications.KF14_BioA_App.Programs.Allmänt.A001209FI243; Applications.KF14_BioA_App.Programs.Allmänt.A001209FI243.In.Value
x;A001203QI245;SUM241  SUSP.MÄTARE 0_5 g/l;0;5;g/l; Applications.KF14_BioA_App.Programs.Allmänt.A001203QI245; Applications.KF14_BioA_App.Programs.Allmänt.A001203QI245.In.Value
x;A001203QI265;SUM261  SUSP.MÄTARE 0_5 g/l;0;5;g/l; Applications.KF14_BioA_App.Programs.Allmänt.A001203QI265; Applications.KF14_BioA_App.Programs.Allmänt.A001203QI265.In.Value
x;A001203FI261;KFM261  KANALFLÖDESMÄTARE 0-1000 m³/h;0;1000;m³/h; Applications.KF14_BioA_App.Programs.Allmänt.A001203FI261; Applications.KF14_BioA_App.Programs.Allmänt.A001203FI261.In.Value
;A001203LI261;KNM261  KANALNIVÅMÄTARE 0_1 mVP;0;1;m; Applications.KF14_BioA_App.Programs.Allmänt.A001203LI261; Applications.KF14_BioA_App.Programs.Allmänt.A001203LI261.In.Value
;A001203HL241;ILL241 Inloppslucka läge;0;100;%; Applications.KF14_BioA_App.Programs.Allmänt.A001203HL241; Applications.KF14_BioA_App.Programs.Allmänt.A001203HL241.In.Value
;A001203HL261;ILL241 Inloppslucka läge;0;100;%; Applications.KF14_BioA_App.Programs.Allmänt.A001203HL261; Applications.KF14_BioA_App.Programs.Allmänt.A001203HL261.In.Value
;A001209FI206;LFM206  LUFTFLÖDESMÄTARE  0_6250 m3/h;0;6000;m³/h; Applications.KF14_BioA_App.Programs.Allmänt.A001209FI206; Applications.KF14_BioA_App.Programs.Allmänt.A001209FI206.In.Value
;A001209FI261;LFM261  LUFTFLÖDESMÄTARE  0_950 m3/h;0;1000;m³/h; Applications.KF14_BioA_App.Programs.Allmänt.A001209FI261; Applications.KF14_BioA_App.Programs.Allmänt.A001209FI261.In.Value
;A001209FI262;LFM262  LUFTFLÖDESMÄTARE  0_1850 m3/h;0;2000;m³/h; Applications.KF14_BioA_App.Programs.Allmänt.A001209FI262; Applications.KF14_BioA_App.Programs.Allmänt.A001209FI262.In.Value
;A001209FI263;LFM263  LUFTFLÖDESMÄTARE  0_1850 m3/h;0;2000;m³/h; Applications.KF14_BioA_App.Programs.Allmänt.A001209FI263; Applications.KF14_BioA_App.Programs.Allmänt.A001209FI263.In.Value
;A001203QI261;SYM261  SYREMÄTARE 0.1_15 mg/l;0;10;mg/l; Applications.KF14_BioA_App.Programs.Allmänt.A001203QI261; Applications.KF14_BioA_App.Programs.Allmänt.A001203QI261.In.Value
;A001203QI262;SYM262  SYREMÄTARE 0.1_15 mg/l;0;10;mg/l; Applications.KF14_BioA_App.Programs.Allmänt.A001203QI262; Applications.KF14_BioA_App.Programs.Allmänt.A001203QI262.In.Value
;A001203QI263;SYM263  SYREMÄTARE 0.1_15 mg/l;0;10;mg/l; Applications.KF14_BioA_App.Programs.Allmänt.A001203QI263; Applications.KF14_BioA_App.Programs.Allmänt.A001203QI263.In.Value
;A001207LI222;PNM222  NIVÅ I SLAMTORN;0;5;m; Applications.KF14_BioA_App.Programs.Allmänt.A001207LI222; Applications.KF14_BioA_App.Programs.Allmänt.A001207LI222.In.Value
x;A001205LI222;SNM222  SLAMNIVÅMÄTARE;0;3,400000095;m; Applications.KF14_BioA_App.Programs.Allmänt.A001205LI222; Applications.KF14_BioA_App.Programs.Allmänt.A001205LI222.In.Value
x;A001205LI231;SNM231  SLAMNIVÅMÄTARE;0;3,400000095;m; Applications.KF14_BioA_App.Programs.Allmänt.A001205LI231; Applications.KF14_BioA_App.Programs.Allmänt.A001205LI231.In.Value
x;A001205LI242;SNM242  SLAMNIVÅMÄTARE;0;3,400000095;m; Applications.KF14_BioA_App.Programs.Allmänt.A001205LI242; Applications.KF14_BioA_App.Programs.Allmänt.A001205LI242.In.Value
x;A001205LI262;SNM262  SLAMNIVÅMÄTARE;0;100;0; Applications.KF14_BioA_App.Programs.Allmänt.A001205LI262; Applications.KF14_BioA_App.Programs.Allmänt.A001205LI262.In.Value
x;A001205LI263;SNM263  SLAMNIVÅMÄTARE;0;3,400000095;m; Applications.KF14_BioA_App.Programs.Allmänt.A001205LI263; Applications.KF14_BioA_App.Programs.Allmänt.A001205LI263.In.Value
x;A001203QI240;NIM240  NITRATMÄTARE;0;50;mg/l; Applications.KF14_BioA_App.Programs.Allmänt.A001203QI240; Applications.KF14_BioA_App.Programs.Allmänt.A001203QI240.In.Value
;A001203QI247;REM240  REDOXMÄTARE 240, LINJE 204 ZON 4;0;100;0; Applications.KF14_BioA_App.Programs.Allmänt.A001203QI247; Applications.KF14_BioA_App.Programs.Allmänt.A001203QI247.In.Value
;A001207HL207;RSL207 Returslamlucka läge;0;100;%; Applications.KF14_BioA_App.Programs.Allmänt.A001207HL207; Applications.KF14_BioA_App.Programs.Allmänt.A001207HL207.In.Value
;A001207HL208;RSL208 Returslamlucka läge;0;100;%; Applications.KF14_BioA_App.Programs.Allmänt.A001207HL208; Applications.KF14_BioA_App.Programs.Allmänt.A001207HL208.In.Value
;A001207HL209;RSL209 Returslamlucka läge;0;100;%; Applications.KF14_BioA_App.Programs.Allmänt.A001207HL209; Applications.KF14_BioA_App.Programs.Allmänt.A001207HL209.In.Value
;A001207HL210;RSL210 Returslamlucka läge;0;100;%; Applications.KF14_BioA_App.Programs.Allmänt.A001207HL210; Applications.KF14_BioA_App.Programs.Allmänt.A001207HL210.In.Value
;A001207HL211;RSL211 Returslamlucka läge;0;100;%; Applications.KF14_BioA_App.Programs.Allmänt.A001207HL211; Applications.KF14_BioA_App.Programs.Allmänt.A001207HL211.In.Value
;A001207HL212;RSL212 Returslamlucka läge;0;100;%; Applications.KF14_BioA_App.Programs.Allmänt.A001207HL212; Applications.KF14_BioA_App.Programs.Allmänt.A001207HL212.In.Value
x;A001205LI251;SNM251 Slamnivåmätare;0;3,400000095;m; Applications.KF14_BioA_App.Programs.Allmänt.A001205LI251; Applications.KF14_BioA_App.Programs.Allmänt.A001205LI251.In.Value
;A001201LI202;CNM202  KOLKÄLLENIVÅ;0;2;m; Applications.KF14_BioA_App.Programs.Allmänt.A001201LI202; Applications.KF14_BioA_App.Programs.Allmänt.A001201LI202.In.Value
;A001203LI211;KNM211  KANALNIVÅMÄTARE 0-1 mVP;0;1;m; Applications.KF15_BioB_App.Programs.Allmänt.A001203LI211; Applications.KF15_BioB_App.Programs.Allmänt.A001203LI211.In.Value
x;A001203FI211;KFM211  KANALFLÖDESMÄTARE 0-1000 m³/h;0;1000;m³/h; Applications.KF15_BioB_App.Programs.Allmänt.A001203FI211; Applications.KF15_BioB_App.Programs.Allmänt.A001203FI211.In.Value
x;A001208FI211;SFM211  SLAMFLÖDSESMÄTARE;0;60;m³/h; Applications.KF15_BioB_App.Programs.Allmänt.A001208FI211; Applications.KF15_BioB_App.Programs.Allmänt.A001208FI211.In.Value
;A001203QI211;SYM211  SYREMÄTARE 0.1-15 mg/l;0;10;mg/l; Applications.KF15_BioB_App.Programs.Allmänt.A001203QI211; Applications.KF15_BioB_App.Programs.Allmänt.A001203QI211.In.Value
;A001203QI212;SYM212  SYREMÄTARE 0.1-15 mg/l;0;10;mg/l; Applications.KF15_BioB_App.Programs.Allmänt.A001203QI212; Applications.KF15_BioB_App.Programs.Allmänt.A001203QI212.In.Value
;A001203QI213;SYM213  SYREMÄTARE 0.1-15 mg/l;0;10;mg/l; Applications.KF15_BioB_App.Programs.Allmänt.A001203QI213; Applications.KF15_BioB_App.Programs.Allmänt.A001203QI213.In.Value
x;A001205LI211;SNM211 SLAMNIVÅMÄTARE 0-3.4m;0;3,400000095;m; Applications.KF15_BioB_App.Programs.Allmänt.A001205LI211; Applications.KF15_BioB_App.Programs.Allmänt.A001205LI211.In.Value
;A001209FI201;LFM201  LUFTFLÖDESMÄTARE  0-6250 m3/h;0;6000;m³/h; Applications.KF15_BioB_App.Programs.Allmänt.A001209FI201; Applications.KF15_BioB_App.Programs.Allmänt.A001209FI201.In.Value
;A001209FI211;LFM211  LUFTFLÖDESMÄTARE  0-950 m3/h;0;1000;m³/h; Applications.KF15_BioB_App.Programs.Allmänt.A001209FI211; Applications.KF15_BioB_App.Programs.Allmänt.A001209FI211.In.Value
;A001209FI212;LFM212  LUFTFLÖDESMÄTARE  0-1850 m3/h;0;2000;m³/h; Applications.KF15_BioB_App.Programs.Allmänt.A001209FI212; Applications.KF15_BioB_App.Programs.Allmänt.A001209FI212.In.Value
;A001209FI213;LFM213  LUFTFLÖDESMÄTARE  0-1850 m3/h;0;2000;m³/h; Applications.KF15_BioB_App.Programs.Allmänt.A001209FI213; Applications.KF15_BioB_App.Programs.Allmänt.A001209FI213.In.Value
x;A001203QI215;SUM211  SUSP.MÄTARE 0-5 g/l;0;5;g/l; Applications.KF15_BioB_App.Programs.Allmänt.A001203QI215; Applications.KF15_BioB_App.Programs.Allmänt.A001203QI215.In.Value
;A001203LI231;KNM231  KANALNIVÅMÄTARE 0-1 mVP;0;1;m; Applications.KF15_BioB_App.Programs.Allmänt.A001203LI231; Applications.KF15_BioB_App.Programs.Allmänt.A001203LI231.In.Value
x;A001203FI231;KFM231  KANALFLÖDESMÄTARE 0-1000 m³/h;0;1000;m3/h; Applications.KF15_BioB_App.Programs.Allmänt.A001203FI231; Applications.KF15_BioB_App.Programs.Allmänt.A001203FI231.In.Value
;A001203HL211;ILL211 Inloppslucka läge;0;100;%; Applications.KF15_BioB_App.Programs.Allmänt.A001203HL211; Applications.KF15_BioB_App.Programs.Allmänt.A001203HL211.In.Value
;A001203HL231;ILL231 Inloppslucka läge;0;100;%; Applications.KF15_BioB_App.Programs.Allmänt.A001203HL231; Applications.KF15_BioB_App.Programs.Allmänt.A001203HL231.In.Value
;A001209FI203;LFM203  LUFTFLÖDESMÄTARE  0-6250 m3/h;0;6000;m³/h; Applications.KF15_BioB_App.Programs.Allmänt.A001209FI203; Applications.KF15_BioB_App.Programs.Allmänt.A001209FI203.In.Value
;A001209FI231;LFM231  LUFTFLÖDESMÄTARE  0-950 m3/h;0;1000;m³/h; Applications.KF15_BioB_App.Programs.Allmänt.A001209FI231; Applications.KF15_BioB_App.Programs.Allmänt.A001209FI231.In.Value
;A001209FI232;LFM232  LUFTFLÖDESMÄTARE  0-1850 m3/h;0;2000;m³/h; Applications.KF15_BioB_App.Programs.Allmänt.A001209FI232; Applications.KF15_BioB_App.Programs.Allmänt.A001209FI232.In.Value
;A001209FI233;LFM233  LUFTFLÖDESMÄTARE  0-1850 m3/h;0;2000;m³/h; Applications.KF15_BioB_App.Programs.Allmänt.A001209FI233; Applications.KF15_BioB_App.Programs.Allmänt.A001209FI233.In.Value
;A001203QI231;SYM231  SYREMÄTARE 0.1-15 mg/l;0;10;mg/l; Applications.KF15_BioB_App.Programs.Allmänt.A001203QI231; Applications.KF15_BioB_App.Programs.Allmänt.A001203QI231.In.Value
;A001203QI232;SYM232  SYREMÄTARE 0.1-15 mg/l;0;10;mg/l; Applications.KF15_BioB_App.Programs.Allmänt.A001203QI232; Applications.KF15_BioB_App.Programs.Allmänt.A001203QI232.In.Value
;A001203QI233;SYM233  SYREMÄTARE 0.1-15 mg/l;0;10;mg/l; Applications.KF15_BioB_App.Programs.Allmänt.A001203QI233; Applications.KF15_BioB_App.Programs.Allmänt.A001203QI233.In.Value
x;A001207QI213;SUM213  SUSP.MÄTARE 0-5 g/l;0;10;g/l; Applications.KF15_BioB_App.Programs.Allmänt.A001207QI213; Applications.KF15_BioB_App.Programs.Allmänt.A001207QI213.In.Value
;A001203TI201;TEMPERATUR VATTEN LUFTN.;0;20;°C; Applications.KF15_BioB_App.Programs.Allmänt.A001203TI201; Applications.KF15_BioB_App.Programs.Allmänt.A001203TI201.In.Value
x;A001203QI230;NIM-230 Nitratmätare 230;0;20;mg/l; Applications.KF15_BioB_App.Programs.Allmänt.A001203QI230; Applications.KF15_BioB_App.Programs.Allmänt.A001203QI230.In.Value
x;A001203QI235;SUM231  SUSP.MÄTARE 0-5 g/l;0;5;g/l; Applications.KF15_BioB_App.Programs.Allmänt.A001203QI235; Applications.KF15_BioB_App.Programs.Allmänt.A001203QI235.In.Value
x;A001203QI255;SUM251  SUSP.MÄTARE 0-5 g/l;0;5;g/l; Applications.KF15_BioB_App.Programs.Allmänt.A001203QI255; Applications.KF15_BioB_App.Programs.Allmänt.A001203QI255.In.Value
;A001201LI201;CNM201  KOLKÄLLENIVÅ 0-20 m3;0;2;m; Applications.KF15_BioB_App.Programs.Allmänt.A001201LI201; Applications.KF15_BioB_App.Programs.Allmänt.A001201LI201.In.Value
x;A001203FI251;KFM251  KANALFLÖDESMÄTARE 0-1000 m³/h;0;1000;m3/h; Applications.KF15_BioB_App.Programs.Allmänt.A001203FI251; Applications.KF15_BioB_App.Programs.Allmänt.A001203FI251.In.Value
;A001203LI251;KNM251  KANALNIVÅMÄTARE 0-1 mVP;0;1;m; Applications.KF15_BioB_App.Programs.Allmänt.A001203LI251; Applications.KF15_BioB_App.Programs.Allmänt.A001203LI251.In.Value
;A001203HL251;ILL251 Inloppslucka läge;0;100;%; Applications.KF15_BioB_App.Programs.Allmänt.A001203HL251; Applications.KF15_BioB_App.Programs.Allmänt.A001203HL251.In.Value
;A001209FI205;LFM205 LUFTFLÖDESMÄTARE  0-6250 m3/h;0;6000;m³/h; Applications.KF15_BioB_App.Programs.Allmänt.A001209FI205; Applications.KF15_BioB_App.Programs.Allmänt.A001209FI205.In.Value
;A001209FI251;LFM251  LUFTFLÖDESMÄTARE  0-950 m3/h;0;1000;m³/h; Applications.KF15_BioB_App.Programs.Allmänt.A001209FI251; Applications.KF15_BioB_App.Programs.Allmänt.A001209FI251.In.Value
;A001209FI252;LFM252  LUFTFLÖDESMÄTARE  0-1850 m3/h;0;2000;m³/h; Applications.KF15_BioB_App.Programs.Allmänt.A001209FI252; Applications.KF15_BioB_App.Programs.Allmänt.A001209FI252.In.Value
;A001209FI253;LFM253  LUFTFLÖDESMÄTARE  0-1850 m3/h;0;2000;m³/h; Applications.KF15_BioB_App.Programs.Allmänt.A001209FI253; Applications.KF15_BioB_App.Programs.Allmänt.A001209FI253.In.Value
;A001203QI251;SYM251  SYREMÄTARE 0.1-15 mg/l;0;10;mg/l; Applications.KF15_BioB_App.Programs.Allmänt.A001203QI251; Applications.KF15_BioB_App.Programs.Allmänt.A001203QI251.In.Value
;A001203QI252;SYM252  SYREMÄTARE 0.1-15 mg/l;0;10;mg/l; Applications.KF15_BioB_App.Programs.Allmänt.A001203QI252; Applications.KF15_BioB_App.Programs.Allmänt.A001203QI252.In.Value
;A001203QI253;SYM253  SYREMÄTARE 0.1-15 mg/l;0;10;mg/l; Applications.KF15_BioB_App.Programs.Allmänt.A001203QI253; Applications.KF15_BioB_App.Programs.Allmänt.A001203QI253.In.Value
x;A001205LI252;SNM252 SLAMNIVÅMÄTARE 0-3.4m;0;3,400000095;m; Applications.KF15_BioB_App.Programs.Allmänt.A001205LI252; Applications.KF15_BioB_App.Programs.Allmänt.A001205LI252.In.Value
x;A001203QI299;SYM-242.2 Syremätare 242.2;0;100;0; Applications.KF15_BioB_App.Programs.Allmänt.A001203QI299; Applications.KF15_BioB_App.Programs.Allmänt.A001203QI299.In.Value
;A002301LI301;S FKN301 Nivå Aluminiumklorid;0;2,625;m; Applications.KF18.Programs.Kemisk.A002301LI301; Applications.KF18.Programs.Kemisk.A002301LI301.In.Value
x;A002303FI303;S MUV201 flöde utg vatten;0;205;m³/h; Applications.KF18.Programs.Kemisk.A002303FI303; Applications.KF18.Programs.Kemisk.A002303FI303.In.Value
x;A002301FI301;S KFM301 födesmätare aluminium;0;500;ml/min; Applications.KF18.Programs.Kemisk.A002301FI301; Applications.KF18.Programs.Kemisk.A002301FI301.In.Value
;A002102LI101;S FKN101 Nivå Järnklorid;0;2;m; Applications.KF18.Programs.Kemisk.A002102LI101; Applications.KF18.Programs.Kemisk.A002102LI101.In.Value
;A002102PU101;S DSP101 Dos pump järn;0;7,599999905;l/h; Applications.KF18.Programs.Kemisk.A002102PU101.A002102PU101; Applications.KF18.Programs.Kemisk.A002102PU101.A002102PU101.In.Value
;A002102PU102;S DSP102 Dos pump järn;0;7,599999905;l/h; Applications.KF18.Programs.Kemisk.A002102PU102.A002102PU102; Applications.KF18.Programs.Kemisk.A002102PU102.A002102PU102.In.Value
;A002105PI101;S LTM101 Tryckmätare;0;1;bar; Applications.KF18.Programs.Förbehand.A002105PI101; Applications.KF18.Programs.Förbehand.A002105PI101.In.Value
;A002105LI101;S RNM101 Rejektnivåmätare;0;2,680000067;m; Applications.KF18.Programs.Förbehand.A002105LI101; Applications.KF18.Programs.Förbehand.A002105LI101.In.Value
;A002107FI101;S SFM101 Slamflödesmätare;0;25;m3/h; Applications.KF18.Programs.Förbehand.A002107FI101; Applications.KF18.Programs.Förbehand.A002107FI101.In.Value
;A002106LI101;S MBM101 Nivå Kanal Bräddning;0;0,589999974;m; Applications.KF18.Programs.Förbehand.A002106LI101; Applications.KF18.Programs.Förbehand.A002106LI101.In.Value
;A002104CY101;S RTP101 RensTvättPress;0;100;0; Applications.KF18.Programs.Förbehand.A002104CY101; Applications.KF18.Programs.Förbehand.A002104CY101.In.Value
;A002104LI101;S GNM-101 Gallerkanalnivåmätare;0;1000;mm; Applications.KF18.Programs.Förbehand.A002104LI101; Applications.KF18.Programs.Förbehand.A002104LI101.In.Value
;A002203PI201;S Tryck;0;1;bar; Applications.KF18.Programs.Biologisk.A002203PI201; Applications.KF18.Programs.Biologisk.A002203PI201.In.Value
;A002203FI200;S LFM200 Luftflöde;0;900;m3/h; Applications.KF18.Programs.Biologisk.A002203FI200; Applications.KF18.Programs.Biologisk.A002203FI200.In.Value
;A002203FI202;S LFM202 Luftflödesmätare;0;650;m3; Applications.KF18.Programs.Biologisk.A002203FI202; Applications.KF18.Programs.Biologisk.A002203FI202.In.Value
;A002203FI203;S LFM203Luftflödesmätare;0;650;m3; Applications.KF18.Programs.Biologisk.A002203FI203; Applications.KF18.Programs.Biologisk.A002203FI203.In.Value
;A002203QI202;S SYM-202 Syremätare;0;10;g 02/l; Applications.KF18.Programs.Biologisk.A002203QI202; Applications.KF18.Programs.Biologisk.A002203QI202.In.Value
;A002203QI203;S SYM-203 Syremätare;0;10;g O2/l; Applications.KF18.Programs.Biologisk.A002203QI203; Applications.KF18.Programs.Biologisk.A002203QI203.In.Value
;A002203FI201;S LFM201 Luftflödesmätare;0;650;m3; Applications.KF18.Programs.Biologisk.A002203FI201; Applications.KF18.Programs.Biologisk.A002203FI201.In.Value
x;A002203QI213;S SUM213 Slamhalt;0;10;g SS/l; Applications.KF18.Programs.Biologisk.A002203QI213; Applications.KF18.Programs.Biologisk.A002203QI213.In.Value
x;A002208FI201;S SFM-201 Överskottslam flöde;0;25;m3/h; Applications.KF18.Programs.Biologisk.A002208FI201; Applications.KF18.Programs.Biologisk.A002208FI201.In.Value
x;A002207QI200;S SUM200 Slamhalt;0;10;g SS/l; Applications.KF18.Programs.Biologisk.A002207QI200; Applications.KF18.Programs.Biologisk.A002207QI200.In.Value
;A002207LI201;S SNM201 Nivå Returslamgrop;0,022;2,599999905;m; Applications.KF18.Programs.Mellansed.A002207LI201; Applications.KF18.Programs.Mellansed.A002207LI201.In.Value
;A002205CW201_PV;S BSS201 momemmt bassängskrapspel;0;100;0; Applications.KF18.Programs.Mellansed.A002205CW201_PV; Applications.KF18.Programs.Mellansed.A002205CW201_PV.In.Value
;A002303QI300_PV1;S FOSM300 P tot;0;0,5;mg/l; Applications.KF18.Programs.Efterbehandling.A002303QI300_PV1; Applications.KF18.Programs.Efterbehandling.A002303QI300_PV1.In.Value
;A002303QI300_PV2;S FOSM300 P Orto;0;0,5;mg/l; Applications.KF18.Programs.Efterbehandling.A002303QI300_PV2; Applications.KF18.Programs.Efterbehandling.A002303QI300_PV2.In.Value
x;A002602FI601;S SFM601 slamflödesmätare;0;25;m3/h; Applications.KF18.Programs.Slambehandling.A002602FI601; Applications.KF18.Programs.Slambehandling.A002602FI601.In.Value
;A002604LI601;S SFN601 slamlagernivå;0,02;4,300000191;m; Applications.KF18.Programs.Slambehandling.A002604LI601; Applications.KF18.Programs.Slambehandling.A002604LI601.In.Value
;L004101PI009;Tryck rörverkstan;0;10;bar; Applications.UC01_Pumpstation.Programs.Allmänt.L004101PI009; Applications.UC01_Pumpstation.Programs.Allmänt.L004101PI009.In.Value
;A001099TI101;LTG101 Lufttempgivare;-40;40;°C; Applications.UC01_Pumpstation.Programs.AnalogIn.A001099TI101; Applications.UC01_Pumpstation.Programs.AnalogIn.A001099TI101.In.Value
x;A001104FQ103;MIV103 Totalt ink. flöde i m³/h;0;16000;m³/h; Applications.UC01_Pumpstation.Programs.AnalogIn.A001104FQ103; Applications.UC01_Pumpstation.Programs.AnalogIn.A001104FQ103.In.Value
;A001053PI100;VTM-100 Vattentryckm. pumpstn. fläktrum;0;10;bar; Applications.UC01_Pumpstation.Programs.AnalogIn.A001053PI100; Applications.UC01_Pumpstation.Programs.AnalogIn.A001053PI100.In.Value
;A001103YI141;AVP-104 Vibrationsmätning 141 Y-led;0;20;mm/s; Applications.UC01_Pumpstation.Programs.AnalogIn.A001103YI141; Applications.UC01_Pumpstation.Programs.AnalogIn.A001103YI141.In.Value
;A001103YI142;AVP-104 Vibrationsmätning 142 X-led;0;20;mm/s; Applications.UC01_Pumpstation.Programs.AnalogIn.A001103YI142; Applications.UC01_Pumpstation.Programs.AnalogIn.A001103YI142.In.Value
;A001103YI143; AVP-105 Vibrationsmätning 143 Y-led;0;20;mm/s; Applications.UC01_Pumpstation.Programs.AnalogIn.A001103YI143; Applications.UC01_Pumpstation.Programs.AnalogIn.A001103YI143.In.Value
;A001103YI144; AVP-105 Vibrationsmätning 144 X-led;0;20;mm/s; Applications.UC01_Pumpstation.Programs.AnalogIn.A001103YI144; Applications.UC01_Pumpstation.Programs.AnalogIn.A001103YI144.In.Value
;A001103PU1_4;Strömmätning AVP 104A,B;0;600;A; Applications.UC01_Pumpstation.Programs.AnalogIn.A001103PU1_4; Applications.UC01_Pumpstation.Programs.AnalogIn.A001103PU1_4.In.Value
;A001103PU101;AVP101 Avloppspump 1;0;10;gE; Applications.UC01_Pumpstation.Programs.AVP100.A001103PU101.A001103PU101; Applications.UC01_Pumpstation.Programs.AVP100.A001103PU101.A001103PU101.In.Value
;A001103PU102;AVP102 Avloppspump 1;0;10;gE; Applications.UC01_Pumpstation.Programs.AVP100.A001103PU102.A001103PU102; Applications.UC01_Pumpstation.Programs.AVP100.A001103PU102.A001103PU102.In.Value
;A001103PU103;AVP103 Avloppspump 1;0;10;gE; Applications.UC01_Pumpstation.Programs.AVP100.A001103PU103.A001103PU103; Applications.UC01_Pumpstation.Programs.AVP100.A001103PU103.A001103PU103.In.Value
;A001103LI101;PNM101     Nivåmätare 101;0;2;m; Applications.UC01_Pumpstation.Programs.AVP100.A001103LI101; Applications.UC01_Pumpstation.Programs.AVP100.A001103LI101.In.Value
;A001104LI101;GNM101A Gallernivåmätare;0;2000;mmVp; Applications.UC01_Pumpstation.Programs.Rensgaller.A001104LI101; Applications.UC01_Pumpstation.Programs.Rensgaller.A001104LI101.In.Value
;A001104LI102;GNM102A Gallernivåmätare;0;2000;mmVp; Applications.UC01_Pumpstation.Programs.Rensgaller.A001104LI102; Applications.UC01_Pumpstation.Programs.Rensgaller.A001104LI102.In.Value
;A001104LI103;GNM103A Gallernivåmätare;0;2000;mmVp; Applications.UC01_Pumpstation.Programs.Rensgaller.A001104LI103; Applications.UC01_Pumpstation.Programs.Rensgaller.A001104LI103.In.Value
;A001104LI104;GNM104A Gallernivåmätare;0;2000;mmVp; Applications.UC01_Pumpstation.Programs.Rensgaller.A001104LI104; Applications.UC01_Pumpstation.Programs.Rensgaller.A001104LI104.In.Value
;A001104LI105;GNM101B Nivåmätare;0;2200;mmVp; Applications.UC01_Pumpstation.Programs.MRV.A001104LI105; Applications.UC01_Pumpstation.Programs.MRV.A001104LI105.In.Value
x;A001104FI101;MIV101 Ink. Flöde 101;0;8000;m³/h; Applications.UC01_Pumpstation.Programs.MRV.A001104FI101; Applications.UC01_Pumpstation.Programs.MRV.A001104FI101.In.Value
x;A001104FI102;MIV102 Ink. Flöde 102;0;8000;m³/h; Applications.UC01_Pumpstation.Programs.MRV.A001104FI102; Applications.UC01_Pumpstation.Programs.MRV.A001104FI102.In.Value
;A001104WI101;VB-101 Vågbord 101;-0,5;46,59999847;ton; Applications.UC02_Renshantering.Programs.AnalogIn.A001104WI101; Applications.UC02_Renshantering.Programs.AnalogIn.A001104WI101.In.Value
;A001104WI102;VB-102 Vågbord 102;0;46,59999847;ton; Applications.UC02_Renshantering.Programs.AnalogIn.A001104WI102; Applications.UC02_Renshantering.Programs.AnalogIn.A001104WI102.In.Value
;A001104LI111;Renstorn 101-sida;0;100;0; Applications.UC02_Renshantering.Programs.Grovrening.A001104LI111; Applications.UC02_Renshantering.Programs.Grovrening.A001104LI111.In.Value
;A001104LI112;Renstorn 102-sida;0;100;0; Applications.UC02_Renshantering.Programs.Grovrening.A001104LI112; Applications.UC02_Renshantering.Programs.Grovrening.A001104LI112.In.Value
;A001106LI101;YNM101 Ytnivåmätare;0;4;m; Applications.UC03_Försed.Programs.AnalogIn.A001106LI101; Applications.UC03_Försed.Programs.AnalogIn.A001106LI101.In.Value
;A001106LI102;YNM 102 Ytnivåmätare;0;4;m; Applications.UC03_Försed.Programs.AnalogIn.A001106LI102; Applications.UC03_Försed.Programs.AnalogIn.A001106LI102.In.Value
;A001003PI101;BVA101 Tryck brutet vatten;0;10;bar; Applications.UC03_Försed.Programs.AnalogIn.A001003PI101; Applications.UC03_Försed.Programs.AnalogIn.A001003PI101.In.Value
;A001003LI101;BVA101 Nivå brutet vatten;0;3,5;mVp; Applications.UC03_Försed.Programs.AnalogIn.A001003LI101; Applications.UC03_Försed.Programs.AnalogIn.A001003LI101.In.Value
;A001102LI102;FKN102 Fällningskemikalie Nivå;0;7000;l; Applications.UC03_Försed.Programs.AnalogIn.A001102LI102; Applications.UC03_Försed.Programs.AnalogIn.A001102LI102.In.Value
x;A001004FI101;ABF101 Flöde;0;5;m3/h; Applications.UC03_Försed.Programs.AnalogIn.A001004FI101; Applications.UC03_Försed.Programs.AnalogIn.A001004FI101.In.Value
;A001004LI101;ABN101 Nivå;0;10;m; Applications.UC03_Försed.Programs.AnalogIn.A001004LI101; Applications.UC03_Försed.Programs.AnalogIn.A001004LI101.In.Value
;A001004PU101_FRQ;ABP101 Frekvens;0;50;Hz; Applications.UC03_Försed.Programs.AnalogIn.A001004PU101_FRQ; Applications.UC03_Försed.Programs.AnalogIn.A001004PU101_FRQ.In.Value
;A001107CY601_TRQ;SKP601 Belastning;0;100;%; Applications.UC03_Försed.Programs.AnalogIn.A001107CY601_TRQ; Applications.UC03_Försed.Programs.AnalogIn.A001107CY601_TRQ.In.Value
;A001107CY602_TRQ;SKP602 Belastning;0;100;%; Applications.UC03_Försed.Programs.AnalogIn.A001107CY602_TRQ; Applications.UC03_Försed.Programs.AnalogIn.A001107CY602_TRQ.In.Value
;A001102PU101;ABP101 Doserpump;0;100;l; Applications.UC03_Försed.Programs.AnalogIn.A001102PU101; Applications.UC03_Försed.Programs.AnalogIn.A001102PU101.In.Value
;A001102PU102;ABP102 Doserpump;0;100;l; Applications.UC03_Försed.Programs.AnalogIn.A001102PU102; Applications.UC03_Försed.Programs.AnalogIn.A001102PU102.In.Value
;A001102PU103;ABP103 Doserpump;0;100;l; Applications.UC03_Försed.Programs.AnalogIn.A001102PU103; Applications.UC03_Försed.Programs.AnalogIn.A001102PU103.In.Value
;A001102PU104;ABP104 Doserpump;0;100;l; Applications.UC03_Försed.Programs.AnalogIn.A001102PU104; Applications.UC03_Försed.Programs.AnalogIn.A001102PU104.In.Value
;A001107PI601;STM601 Slamtryck;-1;4;bar; Applications.UC03_Försed.Programs.AnalogIn.A001107PI601; Applications.UC03_Försed.Programs.AnalogIn.A001107PI601.In.Value
;A001102FI101;FKF101 Fällningskemikalie Flöde;0;30;l/min; Applications.UC03_Försed.Programs.AnalogIn.A001102FI101; Applications.UC03_Försed.Programs.AnalogIn.A001102FI101.In.Value
;A001107PU101_CUR;PSP101 Motorström;0;10;A; Applications.UC03_Försed.Programs.AnalogIn.A001107PU101_CUR; Applications.UC03_Försed.Programs.AnalogIn.A001107PU101_CUR.In.Value
;A001107PU102_CUR;PSP102 Motorström;0;10;A; Applications.UC03_Försed.Programs.AnalogIn.A001107PU102_CUR; Applications.UC03_Försed.Programs.AnalogIn.A001107PU102_CUR.In.Value
;A001102FI102;FKF102 Fällningskemikalie Flöde;0;12;l/min; Applications.UC03_Försed.Programs.AnalogIn.A001102FI102; Applications.UC03_Försed.Programs.AnalogIn.A001102FI102.In.Value
;A001102FI103;FKF103 Fällningskemikalie Flöde;0;12;l/min; Applications.UC03_Försed.Programs.AnalogIn.A001102FI103; Applications.UC03_Försed.Programs.AnalogIn.A001102FI103.In.Value
;A001102LI101;FKN101 Fällningskemikalie Nivå;0;7000;l; Applications.UC03_Försed.Programs.AnalogIn.A001102LI101; Applications.UC03_Försed.Programs.AnalogIn.A001102LI101.In.Value
;A001102QI101;Densitetsmätare;1;1,200000048;mvp; Applications.UC03_Försed.Programs.Fällningskemikalie.A001102QI101; Applications.UC03_Försed.Programs.Fällningskemikalie.A001102QI101.In.Value
;A001052PI101;LTM-101 Tryck frånluft;0;100;mbar; Applications.UC03_Försed.Programs.Externslammottagning.A001052PI101; Applications.UC03_Försed.Programs.Externslammottagning.A001052PI101.In.Value
;A001052TI101;TEG-101 Temperatur inomhus;0;50;C; Applications.UC03_Försed.Programs.Externslammottagning.A001052TI101; Applications.UC03_Försed.Programs.Externslammottagning.A001052TI101.In.Value
x;A001101FI101;SFM-101 Slamflödesmätare;0;400;m3/h; Applications.UC03_Försed.Programs.Externslammottagning.A001101FI101; Applications.UC03_Försed.Programs.Externslammottagning.A001101FI101.In.Value
;A001101LI101;SFM-101 Slamnivåsmätare;0;5,5;m; Applications.UC03_Försed.Programs.Externslammottagning.A001101LI101; Applications.UC03_Försed.Programs.Externslammottagning.A001101LI101.In.Value
;A001101PI101;TG-101 Tryck Dräneringsledning;0;100;mbar; Applications.UC03_Försed.Programs.Externslammottagning.A001101PI101; Applications.UC03_Försed.Programs.Externslammottagning.A001101PI101.In.Value
;A001201PU305;DSP305 Frekvens;0;90;Hz; Applications.UC05_Kemsteg.Programs.Kemsteg.A001201PU305; Applications.UC05_Kemsteg.Programs.Kemsteg.A001201PU305.In.Value
;A001201PU306;DSP306 Frekvens;0;90;Hz; Applications.UC05_Kemsteg.Programs.Kemsteg.A001201PU306; Applications.UC05_Kemsteg.Programs.Kemsteg.A001201PU306.In.Value
x;A001205QI201;AMM201 Ammoniummätare;0;25;mg/l; Applications.UC05_Kemsteg.Programs.Kemsteg.A001205QI201; Applications.UC05_Kemsteg.Programs.Kemsteg.A001205QI201.In.Value
x;A001205QI301;TFM301 Totalfosformätare;0;0,5;mg/l; Applications.UC05_Kemsteg.Programs.Kemsteg.A001205QI301; Applications.UC05_Kemsteg.Programs.Kemsteg.A001205QI301.In.Value
;A001205TI301;VTM301 Utgående vattentemp;-20;30;°C; Applications.UC05_Kemsteg.Programs.Kemsteg.A001205TI301; Applications.UC05_Kemsteg.Programs.Kemsteg.A001205TI301.In.Value
x;A001205QI302;NIM301 Nitratmätare;0;50;mg/l; Applications.UC05_Kemsteg.Programs.Kemsteg.A001205QI302; Applications.UC05_Kemsteg.Programs.Kemsteg.A001205QI302.In.Value
x;A001205QI303;OFM301 Ortofosfatmätare;0;0,5;mg/l; Applications.UC05_Kemsteg.Programs.Kemsteg.A001205QI303; Applications.UC05_Kemsteg.Programs.Kemsteg.A001205QI303.In.Value
x;A001201FI301;KKM301 Flöde kolkälla;0;30;l/m; Applications.UC05_Kemsteg.Programs.Kemsteg.A001201FI301; Applications.UC05_Kemsteg.Programs.Kemsteg.A001201FI301.In.Value
;A001205LI301;MUK301 Mätning utgående kanal;0;600;mm; Applications.UC05_Kemsteg.Programs.Kemsteg.A001205LI301; Applications.UC05_Kemsteg.Programs.Kemsteg.A001205LI301.In.Value
;A001607CV601_CUR;Slamtransportskruv 601 strömförbrukning;0;90;A; Applications.UC06_Slamhantering.Programs.AnalogIn.A001607CV601_CUR; Applications.UC06_Slamhantering.Programs.AnalogIn.A001607CV601_CUR.In.Value
;A001607CV602_CUR;Slamtransportskruv 602 strömförbrukning;0;90;A; Applications.UC06_Slamhantering.Programs.AnalogIn.A001607CV602_CUR; Applications.UC06_Slamhantering.Programs.AnalogIn.A001607CV602_CUR.In.Value
;A001607CV603_CUR;Slamtransportskruv 603 strömförbrukning;0;90;A; Applications.UC06_Slamhantering.Programs.AnalogIn.A001607CV603_CUR; Applications.UC06_Slamhantering.Programs.AnalogIn.A001607CV603_CUR.In.Value
;A001607CV604_CUR;Slamtransportskruv 604 strömförbrukning;0;90;A; Applications.UC06_Slamhantering.Programs.AnalogIn.A001607CV604_CUR; Applications.UC06_Slamhantering.Programs.AnalogIn.A001607CV604_CUR.In.Value
x;A001602FI605;SFM605 Slamflödesmätare 605;0;50;m3/h; Applications.UC06_Slamhantering.Programs.AnalogIn.A001602FI605; Applications.UC06_Slamhantering.Programs.AnalogIn.A001602FI605.In.Value
x;A001602FI604;SFM604 Slamflödesmätare 604;0;72;m3/h; Applications.UC06_Slamhantering.Programs.AnalogIn.A001602FI604; Applications.UC06_Slamhantering.Programs.AnalogIn.A001602FI604.In.Value
x;A001610FI600;GMM600 Gasmängdsmätare ;0;500;m3/h; Applications.UC06_Slamhantering.Programs.AnalogIn.A001610FI600; Applications.UC06_Slamhantering.Programs.AnalogIn.A001610FI600.In.Value
;A001606PI601;CTM601 Centrifugslamtrycksmätare 601 ;0;10;bar; Applications.UC06_Slamhantering.Programs.AnalogIn.A001606PI601; Applications.UC06_Slamhantering.Programs.AnalogIn.A001606PI601.In.Value
;A001606PI602;CTM602 Centrifglamtrycksmätare 602 ;0;10;bar; Applications.UC06_Slamhantering.Programs.AnalogIn.A001606PI602; Applications.UC06_Slamhantering.Programs.AnalogIn.A001606PI602.In.Value
;A001606PI603;CTM603 Cetrifugslamtrycksmätare 603 ;0;10;bar; Applications.UC06_Slamhantering.Programs.AnalogIn.A001606PI603; Applications.UC06_Slamhantering.Programs.AnalogIn.A001606PI603.In.Value
;A001610PI601;GTM601 Gastrycksmätare 601;0;60;mbar; Applications.UC06_Slamhantering.Programs.AnalogIn.A001610PI601; Applications.UC06_Slamhantering.Programs.AnalogIn.A001610PI601.In.Value
;A001603LI601;RNM601 Rötslamnivåmätare 601;0;12,60000038;m; Applications.UC06_Slamhantering.Programs.AnalogIn.A001603LI601; Applications.UC06_Slamhantering.Programs.AnalogIn.A001603LI601.In.Value
;A001603LI602;RNM602 Rötslamnivåmätare 602;0;12,60000038;m; Applications.UC06_Slamhantering.Programs.AnalogIn.A001603LI602; Applications.UC06_Slamhantering.Programs.AnalogIn.A001603LI602.In.Value
;A001603TI601;RTM601 Rötslamtempmätare 601;0;100;°C; Applications.UC06_Slamhantering.Programs.AnalogIn.A001603TI601; Applications.UC06_Slamhantering.Programs.AnalogIn.A001603TI601.In.Value
;A001603TI602;RTM602 Rötslamtempmätare 602;0;100;°C; Applications.UC06_Slamhantering.Programs.AnalogIn.A001603TI602; Applications.UC06_Slamhantering.Programs.AnalogIn.A001603TI602.In.Value
;A001603TI603;RTM603 Rötslamtempmätare 603;0;100;°C; Applications.UC06_Slamhantering.Programs.AnalogIn.A001603TI603; Applications.UC06_Slamhantering.Programs.AnalogIn.A001603TI603.In.Value
;A001603TI604;RTM604 Rötslamtempmätare 604;0;100;°C; Applications.UC06_Slamhantering.Programs.AnalogIn.A001603TI604; Applications.UC06_Slamhantering.Programs.AnalogIn.A001603TI604.In.Value
;A001603TI605;RTM605 Rötslamtempmätare 605;0;100;°C; Applications.UC06_Slamhantering.Programs.AnalogIn.A001603TI605; Applications.UC06_Slamhantering.Programs.AnalogIn.A001603TI605.In.Value
;A001603TI606;RTM606 Rötslamtempmätare 606;0;100;°C; Applications.UC06_Slamhantering.Programs.AnalogIn.A001603TI606; Applications.UC06_Slamhantering.Programs.AnalogIn.A001603TI606.In.Value
x;A001107QI601;SHM601 Slamhaltsmätare 601;0;5;%; Applications.UC06_Slamhantering.Programs.AnalogIn.A001107QI601; Applications.UC06_Slamhantering.Programs.AnalogIn.A001107QI601.In.Value
x;A001602QI602;SHM602 Slamhaltsmätare 602 ;0;20;%; Applications.UC06_Slamhantering.Programs.AnalogIn.A001602QI602; Applications.UC06_Slamhantering.Programs.AnalogIn.A001602QI602.In.Value
;A001602PI611;STM611 Slamtrycksmätare 611 ;0;5;bar; Applications.UC06_Slamhantering.Programs.AnalogIn.A001602PI611; Applications.UC06_Slamhantering.Programs.AnalogIn.A001602PI611.In.Value
;A001602PI612;STM612 Slamtrycksmätare 612;0;5;bar; Applications.UC06_Slamhantering.Programs.AnalogIn.A001602PI612; Applications.UC06_Slamhantering.Programs.AnalogIn.A001602PI612.In.Value
;A001610QI601;GKM601 Gaskoncentrationsmätare 601 ;0;100;%; Applications.UC06_Slamhantering.Programs.AnalogIn.A001610QI601; Applications.UC06_Slamhantering.Programs.AnalogIn.A001610QI601.In.Value
;A001610QI606;GKM606 Gaskoncentrationsmätare 606 ;0;100;%; Applications.UC06_Slamhantering.Programs.AnalogIn.A001610QI606; Applications.UC06_Slamhantering.Programs.AnalogIn.A001610QI606.In.Value
x;A001606FI601;SFM601 Slamflödesmätare ;0;100;0; Applications.UC06_Slamhantering.Programs.AnalogIn.A001606FI601; Applications.UC06_Slamhantering.Programs.AnalogIn.A001606FI601.In.Value
x;A001606FI602;SFM602 Slamflödesmätare ;0;25;m³/h; Applications.UC06_Slamhantering.Programs.AnalogIn.A001606FI602; Applications.UC06_Slamhantering.Programs.AnalogIn.A001606FI602.In.Value
x;A001605FI601;PFM601 Polymerflödesmätare;0;12;m³/h; Applications.UC06_Slamhantering.Programs.AnalogIn.A001605FI601; Applications.UC06_Slamhantering.Programs.AnalogIn.A001605FI601.In.Value
x;A001601FI607;PFM607 Polymerflödesmätare 607;0;30;l/m; Applications.UC06_Slamhantering.Programs.AnalogIn.A001601FI607; Applications.UC06_Slamhantering.Programs.AnalogIn.A001601FI607.In.Value
x;A001605FI602;PFM602 Polymerflödesmätare;0;12;m³/h; Applications.UC06_Slamhantering.Programs.AnalogIn.A001605FI602; Applications.UC06_Slamhantering.Programs.AnalogIn.A001605FI602.In.Value
;A001604LI601;SFN601 Slamförrådsnivåmätare ;0;1000;m³; Applications.UC06_Slamhantering.Programs.AnalogIn.A001604LI601; Applications.UC06_Slamhantering.Programs.AnalogIn.A001604LI601.In.Value
;A001607LI601;SSN601 Slamsilonivåmätare ;0;190;m³; Applications.UC06_Slamhantering.Programs.AnalogIn.A001607LI601; Applications.UC06_Slamhantering.Programs.AnalogIn.A001607LI601.In.Value
;A001607LI602;SSN602 Slamsilonivåmätare ;0;190;m³; Applications.UC06_Slamhantering.Programs.AnalogIn.A001607LI602; Applications.UC06_Slamhantering.Programs.AnalogIn.A001607LI602.In.Value
;A001607LI603;SSN603 Slamsilonivåmätare ;0;7,5;m; Applications.UC06_Slamhantering.Programs.AnalogIn.A001607LI603; Applications.UC06_Slamhantering.Programs.AnalogIn.A001607LI603.In.Value
;A001607LI604;SSN604 Slamsilonivåmätare ;0;7,5;m; Applications.UC06_Slamhantering.Programs.AnalogIn.A001607LI604; Applications.UC06_Slamhantering.Programs.AnalogIn.A001607LI604.In.Value
;A001083FI601;VFM601 Vattenflödesmätare;0;100;m³/h; Applications.UC06_Slamhantering.Programs.AnalogIn.A001083FI601; Applications.UC06_Slamhantering.Programs.AnalogIn.A001083FI601.In.Value
;A001608LI602;SFM602 Slamförrådsmätare;0;450; ; Applications.UC06_Slamhantering.Programs.AnalogIn.A001608LI602; Applications.UC06_Slamhantering.Programs.AnalogIn.A001608LI602.In.Value
x;A001602LI600_1;SNM601 Slamnivåmätare i Förtjockare ;0;3,5;m; Applications.UC06_Slamhantering.Programs.AnalogIn.A001602LI600_1; Applications.UC06_Slamhantering.Programs.AnalogIn.A001602LI600_1.In.Value
;A001610HV621;GFV601 Gasfackelventil ;0;100;%; Applications.UC06_Slamhantering.Programs.AnalogIn.A001610HV621; Applications.UC06_Slamhantering.Programs.AnalogIn.A001610HV621.In.Value
;A001610HV622;GFV602 Gasfackelventil ;0;100;%; Applications.UC06_Slamhantering.Programs.AnalogIn.A001610HV622; Applications.UC06_Slamhantering.Programs.AnalogIn.A001610HV622.In.Value
;A001602LI601;YNM601 Ytnivåmätare 601;0;2,5;m; Applications.UC06_Slamhantering.Programs.AnalogIn.A001602LI601; Applications.UC06_Slamhantering.Programs.AnalogIn.A001602LI601.In.Value
;A001005PI621;FF21 Frekvensomriktare Tryckgivare;0;1000;Pa; Applications.UC06_Slamhantering.Programs.AnalogIn.A001005PI621; Applications.UC06_Slamhantering.Programs.AnalogIn.A001005PI621.In.Value
;A001005FI622;FF22 Frekvensomriktare Flödesgivare;0;15000;m³/h; Applications.UC06_Slamhantering.Programs.AnalogIn.A001005FI622; Applications.UC06_Slamhantering.Programs.AnalogIn.A001005FI622.In.Value
;A001610QI602;GKM602 Gaskoncentrationsmätare 602;0;100;%; Applications.UC06_Slamhantering.Programs.AnalogIn.A001610QI602; Applications.UC06_Slamhantering.Programs.AnalogIn.A001610QI602.In.Value
;A001610QI603;GKM603 Gaskoncentrationsmätare 603;0;100;%; Applications.UC06_Slamhantering.Programs.AnalogIn.A001610QI603; Applications.UC06_Slamhantering.Programs.AnalogIn.A001610QI603.In.Value
;A001610PI602;GTM602 Gastrycksmätare ;0;50;MBAR; Applications.UC06_Slamhantering.Programs.AnalogIn.A001610PI602; Applications.UC06_Slamhantering.Programs.AnalogIn.A001610PI602.In.Value
;A001204LI010;PB604 Nivå beredningstank ;0;1;m; Applications.UC06_Slamhantering.Programs.AnalogIn.A001204LI010; Applications.UC06_Slamhantering.Programs.AnalogIn.A001204LI010.In.Value
;A001204LI020;PB604 Nivå dagstank ;0;1;m; Applications.UC06_Slamhantering.Programs.AnalogIn.A001204LI020; Applications.UC06_Slamhantering.Programs.AnalogIn.A001204LI020.In.Value
;A001602CW600;CW600 Rötslamomrörare 600 ;0;9000;kg; Applications.UC06_Slamhantering.Programs.AnalogIn.A001602CW600; Applications.UC06_Slamhantering.Programs.AnalogIn.A001602CW600.In.Value
;A001610QI604;GKM604 Gaskoncentrationsmätare 604;0;100;%; Applications.UC06_Slamhantering.Programs.AnalogIn.A001610QI604; Applications.UC06_Slamhantering.Programs.AnalogIn.A001610QI604.In.Value
;A001610QI605;GKM605 Gaskoncentrationsmätare 605;0;100;%; Applications.UC06_Slamhantering.Programs.AnalogIn.A001610QI605; Applications.UC06_Slamhantering.Programs.AnalogIn.A001610QI605.In.Value
;A001610QI607;GKM607 Gaskoncentrationsmätare 607;0;100;%; Applications.UC06_Slamhantering.Programs.AnalogIn.A001610QI607; Applications.UC06_Slamhantering.Programs.AnalogIn.A001610QI607.In.Value
;A001603TI610;VX601 Temperatur in;0;50;°C; Applications.UC06_Slamhantering.Programs.AnalogIn.A001603TI610; Applications.UC06_Slamhantering.Programs.AnalogIn.A001603TI610.In.Value
;A001603TI611;VX601 Temperatur ut;0;50;°C; Applications.UC06_Slamhantering.Programs.AnalogIn.A001603TI611; Applications.UC06_Slamhantering.Programs.AnalogIn.A001603TI611.In.Value
;A001006TI001;VVX1 Värmeväxlare 1 temperatur in;-30;80;°C; Applications.UC06_Slamhantering.Programs.AnalogIn.A001006TI001; Applications.UC06_Slamhantering.Programs.AnalogIn.A001006TI001.In.Value
;A001603TI612;VX602 Temperatur ut;0;50;°C; Applications.UC06_Slamhantering.Programs.AnalogIn.A001603TI612; Applications.UC06_Slamhantering.Programs.AnalogIn.A001603TI612.In.Value
;A001005FN621;FF21 Frånluftsfläkt;0;50;Hz; Applications.UC06_Slamhantering.Programs.AnalogIn.A001005FN621; Applications.UC06_Slamhantering.Programs.AnalogIn.A001005FN621.In.Value
;A001005FN621;FF21 Frånluftsfläkt;0;35;A; Applications.UC06_Slamhantering.Programs.AnalogIn.A001005FN621; Applications.UC06_Slamhantering.Programs.AnalogIn.A001005FN621.In.Value
;A001005TI621;FF21 Frånluftsfläkt temperatur;-35;35;°C; Applications.UC06_Slamhantering.Programs.AnalogIn.A001005TI621; Applications.UC06_Slamhantering.Programs.AnalogIn.A001005TI621.In.Value
;A001005FN611;FF22 Frånluftsfläkt;0;25;A; Applications.UC06_Slamhantering.Programs.AnalogIn.A001005FN611; Applications.UC06_Slamhantering.Programs.AnalogIn.A001005FN611.In.Value
;A001005FN611;FF22 Frånluftsfläkt ström;0;25;A; Applications.UC06_Slamhantering.Programs.AnalogIn.A001005FN611; Applications.UC06_Slamhantering.Programs.AnalogIn.A001005FN611.In.Value
;A001005TI611;FF22 Frånluftsfläkt temperatur;0;100;°C; Applications.UC06_Slamhantering.Programs.AnalogIn.A001005TI611; Applications.UC06_Slamhantering.Programs.AnalogIn.A001005TI611.In.Value
;A001005PI611;DTM 601 Difftryckmätare;0;2000;Pa; Applications.UC06_Slamhantering.Programs.AnalogIn.A001005PI611; Applications.UC06_Slamhantering.Programs.AnalogIn.A001005PI611.In.Value
;A001069PI603;VTM603 Vattentrycksmätare;0;10;bar; Applications.UC06_Slamhantering.Programs.AnalogIn.A001069PI603; Applications.UC06_Slamhantering.Programs.AnalogIn.A001069PI603.In.Value
;A001083PI601;VTM601 Vattentrycksmätare;0;10;bar; Applications.UC06_Slamhantering.Programs.AnalogIn.A001083PI601; Applications.UC06_Slamhantering.Programs.AnalogIn.A001083PI601.In.Value
;A001602LI600_2;SNM601 Slamnivåmätare 2  ;0;3;m; Applications.UC06_Slamhantering.Programs.AnalogIn.A001602LI600_2; Applications.UC06_Slamhantering.Programs.AnalogIn.A001602LI600_2.In.Value
;A001603LI603;RNM603 Rötkammarnivåmätare;6,400000095;16,39999962;m; Applications.UC06_Slamhantering.Programs.AnalogIn.A001603LI603; Applications.UC06_Slamhantering.Programs.AnalogIn.A001603LI603.In.Value
;A001603LI604;RNM604 Rötkammarnivåmätare;6,400000095;16,39999962;m; Applications.UC06_Slamhantering.Programs.AnalogIn.A001603LI604; Applications.UC06_Slamhantering.Programs.AnalogIn.A001603LI604.In.Value
;A001204PU62_;DSP604-606 Varvtal;0;60;Hz; Applications.UC06_Slamhantering.Programs.AnalogIn.A001204PU62_; Applications.UC06_Slamhantering.Programs.AnalogIn.A001204PU62_.In.Value
;A001204PU63_;DSP614-616 Varvtal;0;60;Hz; Applications.UC06_Slamhantering.Programs.AnalogIn.A001204PU63_; Applications.UC06_Slamhantering.Programs.AnalogIn.A001204PU63_.In.Value
x;A001204FI201;PFM604 Polymerflödesmätare;0;40;l/m; Applications.UC06_Slamhantering.Programs.AnalogIn.A001204FI201; Applications.UC06_Slamhantering.Programs.AnalogIn.A001204FI201.In.Value
x;A001204FI203;PFM605 Polymerflödesmätare;0;40;l/m; Applications.UC06_Slamhantering.Programs.AnalogIn.A001204FI203; Applications.UC06_Slamhantering.Programs.AnalogIn.A001204FI203.In.Value
x;A001204FI205;PFM606 Polymerflödesmätare;0;40;l/m; Applications.UC06_Slamhantering.Programs.AnalogIn.A001204FI205; Applications.UC06_Slamhantering.Programs.AnalogIn.A001204FI205.In.Value
x;A001204FI202;PFM614 Polymerflödesmätare;0;40;l/m; Applications.UC06_Slamhantering.Programs.AnalogIn.A001204FI202; Applications.UC06_Slamhantering.Programs.AnalogIn.A001204FI202.In.Value
x;A001204FI204;PFM615 Polymerflödesmätare;0;40;l/m; Applications.UC06_Slamhantering.Programs.AnalogIn.A001204FI204; Applications.UC06_Slamhantering.Programs.AnalogIn.A001204FI204.In.Value
x;A001204FI206;PFM616 Polymerflödesmätare;0;40;l/m; Applications.UC06_Slamhantering.Programs.AnalogIn.A001204FI206; Applications.UC06_Slamhantering.Programs.AnalogIn.A001204FI206.In.Value
;A001603PU601;SCP601 Slamcirkulationspump 601 Ström;0;50;A; Applications.UC06_Slamhantering.Programs.AnalogIn.A001603PU601; Applications.UC06_Slamhantering.Programs.AnalogIn.A001603PU601.In.Value
;A001603PU602;SCP602 Slamcirkulationspump 602 Ström;0;25;A; Applications.UC06_Slamhantering.Programs.AnalogIn.A001603PU602; Applications.UC06_Slamhantering.Programs.AnalogIn.A001603PU602.In.Value
;A001603PU604;SCP604 Slamcirkulationspump 604 Ström;0;25;A; Applications.UC06_Slamhantering.Programs.AnalogIn.A001603PU604; Applications.UC06_Slamhantering.Programs.AnalogIn.A001603PU604.In.Value
x;A001610FI611;GMM-611 Gasmängdsmätare;0;500;m³/h; Applications.UC06_Slamhantering.Programs.AnalogIn.A001610FI611; Applications.UC06_Slamhantering.Programs.AnalogIn.A001610FI611.In.Value
x;A001610FI612;GMM-612 Gasmängdsmätare;0;500;m³/h; Applications.UC06_Slamhantering.Programs.AnalogIn.A001610FI612; Applications.UC06_Slamhantering.Programs.AnalogIn.A001610FI612.In.Value
;A001602PI601;Tryck sugsida PSP-601;-1;5,260000229;bar; Applications.UC06_Slamhantering.Programs.AnalogIn.A001602PI601; Applications.UC06_Slamhantering.Programs.AnalogIn.A001602PI601.In.Value
;A001610OH601;SYM-601 O2-mätare;0;25;%; Applications.UC06_Slamhantering.Programs.AnalogIn.A001610OH601; Applications.UC06_Slamhantering.Programs.AnalogIn.A001610OH601.In.Value
;A001613JI601;Effekt fjärrvärme till RK;0;100;0; Applications.UC06_Slamhantering.Programs.AnalogIn.A001613JI601; Applications.UC06_Slamhantering.Programs.AnalogIn.A001613JI601.In.Value
;A001602TI600;Slamtemperaturgivare 600 Förtjockare;0;100;°C; Applications.UC06_Slamhantering.Programs.AnalogIn.A001602TI600; Applications.UC06_Slamhantering.Programs.AnalogIn.A001602TI600.In.Value
;A001610QI600;GMM-601 Beräknad gasmängd fackla;0;500;m³/h; Applications.UC06_Slamhantering.Programs.Rötkammare.A001610QI600; Applications.UC06_Slamhantering.Programs.Rötkammare.A001610QI600.In.Value
;0;0;0;50;m3/h; Applications.UC06_Slamhantering.Programs.VattenJSF.A001102FI104_FB; Applications.UC06_Slamhantering.Programs.VattenJSF.A001102FI104_FB.In.Value
;A001071TI001;Temp RK markplan;-20;50;°C; Applications.UC06_Ventilation.Programs.AnalogIn.A001071TI001; Applications.UC06_Ventilation.Programs.AnalogIn.A001071TI001.In.Value
;A001071TI002;Temp RK trapphus;-20;50;°C; Applications.UC06_Ventilation.Programs.AnalogIn.A001071TI002; Applications.UC06_Ventilation.Programs.AnalogIn.A001071TI002.In.Value
;A001209PI201;Tryckgivare;0;1;bar; Applications.UC13_Blåsmaskin.Programs.Blåsmaskiner.A001209PI201; Applications.UC13_Blåsmaskin.Programs.Blåsmaskiner.A001209PI201.In.Value
;A004401LI401;NG-401 Pumpbrunn Nivå LI401;0;2,5;m; Applications.UC17_MungaBDTApp.Programs.Pumpbrunn.A004401LI401; Applications.UC17_MungaBDTApp.Programs.Pumpbrunn.A004401LI401.In.Value
x;A004104FI101;IFM-101 Inkommande Flöde;0;100;m³/h; Applications.UC17_MungaBDTApp.Programs.Inkommande vatten.A004104FI101; Applications.UC17_MungaBDTApp.Programs.Inkommande vatten.A004104FI101.In.Value
x;A004404FI401;UFM-401 Utgående Flöde;0;30;m³/h; Applications.UC17_MungaBDTApp.Programs.Utgående vatten.A004404FI401; Applications.UC17_MungaBDTApp.Programs.Utgående vatten.A004404FI401.In.Value
x;A001092AQ900;Biobassängflöde tot;0;100;0; Applications.KF04_Bio_App.Programs.Biobassängblock_UC4.A001092AQ900; Applications.KF04_Bio_App.Programs.Biobassängblock_UC4.A001092AQ900.In
x;A001202AQ904;Ber MAbrädd tot;0;100;m³/h; Applications.KF04_Bio_App.Programs.Biobassängblock_UC4.A001202AQ904; Applications.KF04_Bio_App.Programs.Biobassängblock_UC4.A001202AQ904.In
x;A001059AQ901;BER BräddningTeoretisk MA;0;100;0; Applications.KF04_Bio_App.Programs.Biobassängblock_UC4.A001059AQ901; Applications.KF04_Bio_App.Programs.Biobassängblock_UC4.A001059AQ901.In
x;A001059AQ903;Ber MAbrädd tot;0;100;m³/h; Applications.KF04_Bio_App.Programs.Biobassängblock_UC4.A001059AQ903; Applications.KF04_Bio_App.Programs.Biobassängblock_UC4.A001059AQ903.In
;A001203QQ213;Amonium Zon214;0;100;mg/l; Applications.KF14_Bio_Prov.Programs.Provventiler.A001203QQ213; Applications.KF14_Bio_Prov.Programs.Provventiler.A001203QQ213.In
;A001203QQ214;Nitrat Zon214;0;100;mg/l; Applications.KF14_Bio_Prov.Programs.Provventiler.A001203QQ214; Applications.KF14_Bio_Prov.Programs.Provventiler.A001203QQ214.In
;A001203QQ215;Amonium Zon215;0;100;mg/l; Applications.KF14_Bio_Prov.Programs.Provventiler.A001203QQ215; Applications.KF14_Bio_Prov.Programs.Provventiler.A001203QQ215.In
;A001203QQ216;Nitrat Zon215;0;100;mg/l; Applications.KF14_Bio_Prov.Programs.Provventiler.A001203QQ216; Applications.KF14_Bio_Prov.Programs.Provventiler.A001203QQ216.In
;A001203QQ223;Amonium Zon224;0;100;mg/l; Applications.KF14_Bio_Prov.Programs.Provventiler.A001203QQ223; Applications.KF14_Bio_Prov.Programs.Provventiler.A001203QQ223.In
;A001203QQ224;Nitrat Zon224;0;100;mg/l; Applications.KF14_Bio_Prov.Programs.Provventiler.A001203QQ224; Applications.KF14_Bio_Prov.Programs.Provventiler.A001203QQ224.In
;A001203QQ225;Amonium Zon225;0;100;mg/l; Applications.KF14_Bio_Prov.Programs.Provventiler.A001203QQ225; Applications.KF14_Bio_Prov.Programs.Provventiler.A001203QQ225.In
;A001203QQ226;Nitrat Zon225;0;100;mg/l; Applications.KF14_Bio_Prov.Programs.Provventiler.A001203QQ226; Applications.KF14_Bio_Prov.Programs.Provventiler.A001203QQ226.In
;A001203QQ233;Amonium Zon234;0;100;mg/l; Applications.KF14_Bio_Prov.Programs.Provventiler.A001203QQ233; Applications.KF14_Bio_Prov.Programs.Provventiler.A001203QQ233.In
;A001203QQ234;Nitrat Zon234;0;100;mg/l; Applications.KF14_Bio_Prov.Programs.Provventiler.A001203QQ234; Applications.KF14_Bio_Prov.Programs.Provventiler.A001203QQ234.In
;A001203QQ235;Amonium Zon235;0;100;mg/l; Applications.KF14_Bio_Prov.Programs.Provventiler.A001203QQ235; Applications.KF14_Bio_Prov.Programs.Provventiler.A001203QQ235.In
;A001203QQ236;Nitrat Zon235;0;100;mg/l; Applications.KF14_Bio_Prov.Programs.Provventiler.A001203QQ236; Applications.KF14_Bio_Prov.Programs.Provventiler.A001203QQ236.In
;A001203QQ243;Amonium Zon244;0;100;mg/l; Applications.KF14_Bio_Prov.Programs.Provventiler.A001203QQ243; Applications.KF14_Bio_Prov.Programs.Provventiler.A001203QQ243.In
;A001203QQ244;Nitrat Zon244;0;100;mg/l; Applications.KF14_Bio_Prov.Programs.Provventiler.A001203QQ244; Applications.KF14_Bio_Prov.Programs.Provventiler.A001203QQ244.In
;A001203QQ245;Amonium Zon245;0;100;mg/l; Applications.KF14_Bio_Prov.Programs.Provventiler.A001203QQ245; Applications.KF14_Bio_Prov.Programs.Provventiler.A001203QQ245.In
;A001203QQ246;Nitrat Zon245;0;100;mg/l; Applications.KF14_Bio_Prov.Programs.Provventiler.A001203QQ246; Applications.KF14_Bio_Prov.Programs.Provventiler.A001203QQ246.In
;A001203QQ253;Amonium Zon254;0;100;mg/l; Applications.KF14_Bio_Prov.Programs.Provventiler.A001203QQ253; Applications.KF14_Bio_Prov.Programs.Provventiler.A001203QQ253.In
;A001203QQ254;Nitrat Zon254;0;100;mg/l; Applications.KF14_Bio_Prov.Programs.Provventiler.A001203QQ254; Applications.KF14_Bio_Prov.Programs.Provventiler.A001203QQ254.In
;A001203QQ255;Amonium Zon255;0;100;mg/l; Applications.KF14_Bio_Prov.Programs.Provventiler.A001203QQ255; Applications.KF14_Bio_Prov.Programs.Provventiler.A001203QQ255.In
;A001203QQ256;Nitrat Zon255;0;100;mg/l; Applications.KF14_Bio_Prov.Programs.Provventiler.A001203QQ256; Applications.KF14_Bio_Prov.Programs.Provventiler.A001203QQ256.In
;A001203QQ263;Amonium Zon264;0;100;mg/l; Applications.KF14_Bio_Prov.Programs.Provventiler.A001203QQ263; Applications.KF14_Bio_Prov.Programs.Provventiler.A001203QQ263.In
;A001203QQ264;Nitrat Zon264;0;100;mg/l; Applications.KF14_Bio_Prov.Programs.Provventiler.A001203QQ264; Applications.KF14_Bio_Prov.Programs.Provventiler.A001203QQ264.In
;A001203QQ265;Amonium Zon265;0;100;mg/l; Applications.KF14_Bio_Prov.Programs.Provventiler.A001203QQ265; Applications.KF14_Bio_Prov.Programs.Provventiler.A001203QQ265.In
;A001203QQ266;Nitrat Zon265;0;100;mg/l; Applications.KF14_Bio_Prov.Programs.Provventiler.A001203QQ266; Applications.KF14_Bio_Prov.Programs.Provventiler.A001203QQ266.In
x;A001099LQ001;NBM201  Nederbördsmätare 201;0;100;mm; Applications.KF14_BioA_App.Programs.Nederbörd.A001099LQ001; Applications.KF14_BioA_App.Programs.Nederbörd.A001099LQ001.In
x;A001092AQ900;BER KanalflödenSummering;0;16000;m3/h; Applications.KF15_BioB_App.Programs.Allmänt.A001092AQ900; Applications.KF15_BioB_App.Programs.Allmänt.A001092AQ900.In
;A001092AQ902;BER MedelsuspB;0;100;0; Applications.KF15_BioB_App.Programs.Allmänt.A001092AQ902; Applications.KF15_BioB_App.Programs.Allmänt.A001092AQ902.In
;A001092AQ904;BER ReturslamflödeB;0;100;0; Applications.KF15_BioB_App.Programs.Allmänt.A001092AQ904; Applications.KF15_BioB_App.Programs.Allmänt.A001092AQ904.In
;A001092AQ912;BER SlamålderB;0;100;0; Applications.KF15_BioB_App.Programs.Allmänt.A001092AQ912; Applications.KF15_BioB_App.Programs.Allmänt.A001092AQ912.In
;A002051FI001;S Vattenförbrukning;0;10000;m3; Applications.KF18.Programs.Allmänt.A002051FI001; Applications.KF18.Programs.Allmänt.A002051FI001.In
;A002301LI301V;S PAX Volym tank;0;13,14400005;m3; Applications.KF18.Programs.Kemisk.A002301LI301V; Applications.KF18.Programs.Kemisk.A002301LI301V.In
;A002102PU101;S DSP101 Dos pump järn;0;100;ml/min; Applications.KF18.Programs.Kemisk.A002102PU101.A002102PU101; Applications.KF18.Programs.Kemisk.A002102PU101.A002102PU101.In
;A002102PU102;S DSP102 Dos pump järn;0;100;ml/min; Applications.KF18.Programs.Kemisk.A002102PU102.A002102PU102; Applications.KF18.Programs.Kemisk.A002102PU102.A002102PU102.In
;A002106LI101_CV;S MBM101 Flöde Bräddning;0;2667;m3/h; Applications.KF18.Programs.Förbehand.A002106LI101_CV; Applications.KF18.Programs.Förbehand.A002106LI101_CV.In
;A001051JQ001;Tot Energi mätn 1;0;1000000;0; Applications.UC01_Pumpstation.Programs.Allmänt.A001051JQ001.A001051JQ001; Applications.UC01_Pumpstation.Programs.Allmänt.A001051JQ001.A001051JQ001.In
;0;0;0;100;0; Applications.UC01_Pumpstation.Programs.Allmänt.KeyPQ_QV_FB; Applications.UC01_Pumpstation.Programs.Allmänt.KeyPQ_QV_FB.In
x;A001104FQ104;MIV104 Totalt flöde i l/s;0;4444,439941;l/s; Applications.UC01_Pumpstation.Programs.AnalogIn.A001104FQ104; Applications.UC01_Pumpstation.Programs.AnalogIn.A001104FQ104.In
x;A001104FQ110;MBG101 Mängd bräddat grovrens;0;2000;m³/h; Applications.UC01_Pumpstation.Programs.AnalogIn.A001104FQ110; Applications.UC01_Pumpstation.Programs.AnalogIn.A001104FQ110.In
x;A001053AQ900;BER Järndosering;0;100;0; Applications.UC01_Pumpstation.Programs.AnalogIn.A001053AQ900; Applications.UC01_Pumpstation.Programs.AnalogIn.A001053AQ900.In
;A001051JI001;Effekt Slammavvattningen;0;100;0; Applications.UC01_Pumpstation.Programs.AnalogIn.A001051JI001; Applications.UC01_Pumpstation.Programs.AnalogIn.A001051JI001.In
;A001051JI002;Effekt Rötkammaren;0;100;0; Applications.UC01_Pumpstation.Programs.AnalogIn.A001051JI002; Applications.UC01_Pumpstation.Programs.AnalogIn.A001051JI002.In
;A001104CV121;COS101 Containerskruv 101;0;5;A; Applications.UC02_Renshantering.Programs.Grovrening.A001104CV121.A001104CV121; Applications.UC02_Renshantering.Programs.Grovrening.A001104CV121.A001104CV121.In
;A001104CV122;COS102 Containerskruv 102;0;5;A; Applications.UC02_Renshantering.Programs.Grovrening.A001104CV122.A001104CV122; Applications.UC02_Renshantering.Programs.Grovrening.A001104CV122.A001104CV122.In
;0;0;0;100;0; Applications.UC02_Renshantering.Programs.Grovrening.A001104CV101_Spänning_FB; Applications.UC02_Renshantering.Programs.Grovrening.A001104CV101_Spänning_FB.In
;A001004FQ101;Ammoniumvatten;0;5;m³/h; Applications.UC03_Försed.Programs.Ammonium_Nitrat_Ventil.A001004FQ101; Applications.UC03_Försed.Programs.Ammonium_Nitrat_Ventil.A001004FQ101.In
;A001004FQ102;Nitratvatten;0;5;m³/h; Applications.UC03_Försed.Programs.Ammonium_Nitrat_Ventil.A001004FQ102; Applications.UC03_Försed.Programs.Ammonium_Nitrat_Ventil.A001004FQ102.In
;A001004FQ103;Nitratvatten test;0;5;m3/h; Applications.UC03_Försed.Programs.Ammonium_Nitrat_Ventil.A001004FQ103; Applications.UC03_Försed.Programs.Ammonium_Nitrat_Ventil.A001004FQ103.In
;A001069AQ900;BER RejektProduktion601;0;100;0; Applications.UC06_Slamhantering.Programs.AnalogIn.A001069AQ900; Applications.UC06_Slamhantering.Programs.AnalogIn.A001069AQ900.In
;A001069AQ901;BER RejektProduktion602;0;100;0; Applications.UC06_Slamhantering.Programs.AnalogIn.A001069AQ901; Applications.UC06_Slamhantering.Programs.AnalogIn.A001069AQ901.In
;A001610FI602;0;0;400;m3/h; Applications.UC06_Slamhantering.Programs.AnalogIn.A001610FI602; Applications.UC06_Slamhantering.Programs.AnalogIn.A001610FI602.In
x;A001610FQ610;GMM-610 Gasmängd beräknad;0;500;m³/h; Applications.UC06_Slamhantering.Programs.AnalogIn.A001610FQ610; Applications.UC06_Slamhantering.Programs.AnalogIn.A001610FQ610.In
;A001608PU602_VLT;Spänning;0;500;V; Applications.UC06_Slamhantering.Programs.Slamcentrifuger.A001608PU602_VLT; Applications.UC06_Slamhantering.Programs.Slamcentrifuger.A001608PU602_VLT.In
;A001209PB201;Blåsmaskin 201;0;100;0; Applications.UC13_Blåsmaskin.Programs.Blåsmaskiner.A001209PB201.A001209PB201; Applications.UC13_Blåsmaskin.Programs.Blåsmaskiner.A001209PB201.A001209PB201.In
;A001209PB202;Blåsmaskin 202;0;100;0; Applications.UC13_Blåsmaskin.Programs.Blåsmaskiner.A001209PB202.A001209PB202; Applications.UC13_Blåsmaskin.Programs.Blåsmaskiner.A001209PB202.A001209PB202.In
;A001209PB203;Blåsmaskin 203;0;100;0; Applications.UC13_Blåsmaskin.Programs.Blåsmaskiner.A001209PB203.A001209PB203; Applications.UC13_Blåsmaskin.Programs.Blåsmaskiner.A001209PB203.A001209PB203.In
;A001209PB204;Blåsmaskin 204;0;100;0; Applications.UC13_Blåsmaskin.Programs.Blåsmaskiner.A001209PB204.A001209PB204; Applications.UC13_Blåsmaskin.Programs.Blåsmaskiner.A001209PB204.A001209PB204.In
x;A001209FQ200;Totalt beräknat flöde;0;24000;m³/h; Applications.UC13_Blåsmaskin.Programs.Blåsmaskiner.A001209FQ200; Applications.UC13_Blåsmaskin.Programs.Blåsmaskiner.A001209FQ200.In
x;A001059AQ904;BM200.Totaleffekt;0;100;0; Applications.UC13_Blåsmaskin.Programs.Blåsmaskiner.A001059AQ904; Applications.UC13_Blåsmaskin.Programs.Blåsmaskiner.A001059AQ904.In
;A004009VQ001_MV;WC-tank 1 volym;0;25;m³; Applications.UC17_MungaBDTApp.Programs.Allmänt.A004009VQ001; Applications.UC17_MungaBDTApp.Programs.Allmänt.A004009VQ001.In
;A004009VQ002_MV;WC-tank 2 volym;0;25;m³; Applications.UC17_MungaBDTApp.Programs.Allmänt.A004009VQ002; Applications.UC17_MungaBDTApp.Programs.Allmänt.A004009VQ002.In
